,city,latitude,longitude,date,temperature,humidity,cloudiness,windspeed
0,Casino,-28.86,153.05,1573351782,76.91,15,0,6.93
1,Geraldton,49.72,-86.95,1573351782,17.6,85,90,4.7
2,Tasiilaq,65.61,-37.64,1573351782,35.6,74,100,46.08
3,Zambezi,-13.55,23.12,1573351782,67.59,84,96,0.49
4,Betsiamites,48.94,-68.65,1573351782,28.4,86,90,21.92
5,Camopi,3.17,-52.33,1573351782,72.05,96,7,2.35
6,Kodiak,39.95,-94.76,1573351782,54.09,54,1,11.41
7,Nikolskoye,59.7,30.79,1573351782,38.79,100,90,4.47
8,Kaitangata,-46.28,169.85,1573351782,51.01,83,99,10.0
9,Hithadhoo,-0.6,73.08,1573351782,82.0,74,1,9.15
10,Atuona,-9.8,-139.03,1573351782,79.92,78,3,13.06
11,Hanna,51.64,-111.93,1573351782,12.24,83,100,8.01
12,Esperance,-33.86,121.89,1573351782,91.4,37,33,20.8
13,Hermanus,-34.42,19.24,1573351782,61.56,96,55,8.01
14,Ushuaia,-54.81,-68.31,1573351770,42.8,56,8,1.43
15,Rikitea,-23.12,-134.97,1573351782,73.6,76,100,13.11
16,Khatanga,71.98,102.47,1573351782,-1.05,96,100,15.99
17,Hojai,26.0,92.85,1573351783,68.49,96,100,0.81
18,Koumac,-20.56,164.28,1573351783,81.45,42,24,7.99
19,Puerto Ayora,-0.74,-90.35,1573351783,70.0,88,8,5.99
20,Qaqortoq,60.72,-46.03,1573351783,46.4,31,45,51.67
21,Barrow,-38.31,-60.23,1573351783,46.02,67,0,7.78
22,Mar del Plata,-46.43,-67.52,1573351783,47.79,68,97,16.71
23,Cayenne,4.94,-52.33,1573351783,80.6,88,14,2.24
24,Thompson,55.74,-97.86,1573351783,-0.41,77,75,4.7
25,Poum,41.28,20.71,1573351783,45.86,90,100,6.89
26,Busselton,-33.64,115.35,1573351783,75.92,42,29,5.41
27,Tahoua,14.89,5.26,1573351783,80.2,15,32,8.32
28,Walvis Bay,-22.95,14.51,1573351783,55.4,93,0,5.82
29,Hobart,-42.88,147.33,1573351757,62.37,29,0,18.34
30,Mataura,-46.19,168.86,1573351783,53.01,82,83,5.99
31,Mukdahan,16.54,104.73,1573351783,68.0,77,40,2.24
32,Mukhen,48.19,136.14,1573351783,32.52,42,0,7.63
33,Mount Gambier,-37.83,140.78,1573351783,55.4,82,90,14.99
34,Avarua,-21.21,-159.78,1573351783,77.0,73,0,10.29
35,Zhuanghe,39.7,122.97,1573351784,53.01,49,100,20.42
36,Saskylakh,71.97,114.09,1573351784,-0.66,98,100,2.13
37,Jamestown,-33.21,138.6,1573351784,74.55,17,0,8.72
38,Cherskiy,68.75,161.3,1573351784,-0.48,90,0,2.59
39,Pangnirtung,66.15,-65.72,1573351784,20.57,67,100,5.03
40,Along,28.17,94.8,1573351784,66.92,75,100,1.92
41,Sibu,2.29,111.83,1573351784,77.0,88,75,4.7
42,Slavutych,51.52,30.76,1573351784,50.74,94,100,11.65
43,Hofn,64.25,-15.21,1573351784,45.46,77,98,24.9
44,Chalmette,29.94,-89.96,1573351784,48.13,100,1,6.6
45,Puerto Carreno,6.19,-67.49,1573351719,78.19,83,100,2.8
46,Tuktoyaktuk,69.44,-133.03,1573351784,5.0,71,20,14.99
47,Margate,-43.03,147.26,1573351784,62.38,29,0,18.34
48,Sorong,-0.86,131.25,1573351784,92.95,47,42,3.06
49,Agadez,16.97,7.99,1573351784,79.21,13,2,10.38
50,Port Lincoln,-34.72,135.86,1573351784,67.46,46,0,9.93
51,Ilulissat,69.22,-51.1,1573351784,35.6,29,79,26.4
52,Pevek,69.7,170.27,1573351785,5.23,72,0,1.66
53,Temyasovo,52.99,58.1,1573351785,3.2,84,66,2.24
54,Hilo,19.71,-155.08,1573351785,74.03,69,1,6.93
55,Dikson,73.51,80.55,1573351785,22.26,93,100,20.4
56,Chapais,49.78,-74.86,1573351785,21.2,92,90,4.7
57,Lebu,8.96,38.73,1573351785,49.75,66,7,1.95
58,Tecoanapa,16.99,-99.26,1573351785,84.2,83,20,6.93
59,Mange,8.93,-12.86,1573351785,76.12,94,1,1.41
60,Rancho Palos Verdes,33.75,-118.37,1573351560,71.83,49,1,11.65
61,Kapaa,22.08,-159.32,1573351785,81.0,69,20,9.17
62,Do Gonbadan,30.36,50.8,1573351785,62.6,23,0,6.96
63,Shingu,33.72,135.99,1573351785,66.2,48,20,2.24
64,Cape Town,-33.93,18.42,1573351499,62.65,77,59,5.82
65,Punta Arenas,-53.16,-70.91,1573351785,42.42,75,1,6.93
66,Tabuk,17.41,121.44,1573351785,74.01,90,100,13.22
67,Kavieng,-2.57,150.8,1573351495,78.26,91,100,13.6
68,Fontanka,46.56,30.86,1573351786,59.0,100,90,8.95
69,Chokurdakh,70.62,147.9,1573351786,-4.46,95,70,5.53
70,Richards Bay,-28.77,32.06,1573351786,68.5,80,98,16.84
71,Elbistan,38.2,37.19,1573351786,41.77,78,0,1.01
72,Helong,25.94,116.13,1573351786,70.03,37,100,3.76
73,San Carlos de Bariloche,-41.13,-71.31,1573351786,59.0,47,90,4.7
74,Shelburne,44.08,-80.2,1573351568,34.25,64,90,8.05
75,Gondanglegi,-7.75,112.01,1573351786,90.3,47,5,9.86
76,Bathsheba,13.22,-59.52,1573351786,80.6,78,75,20.8
77,Gorom-Gorom,14.45,-0.24,1573351786,82.33,19,0,5.3
78,Yanam,16.73,82.22,1573351786,75.2,78,20,3.15
79,Katsuura,33.93,134.5,1573351786,62.87,48,20,4.7
80,Ulaangom,49.98,92.07,1573351786,31.33,92,100,6.58
81,Papetoai,-17.5,-149.87,1573351786,83.34,69,75,5.82
82,Chuy,-33.69,-53.46,1573351786,61.86,86,32,10.22
83,La Palma,5.36,-74.39,1573351787,69.15,98,100,1.12
84,Qaanaaq,77.48,-69.36,1573351787,-5.08,42,0,5.82
85,Touho,-20.78,165.23,1573351787,83.08,38,28,10.16
86,Chicama,-7.84,-79.15,1573351787,64.4,82,80,9.17
87,Volchikha,52.02,80.36,1573351787,25.47,55,100,12.84
88,Tuckahoe,37.59,-77.56,1573351787,32.2,74,1,4.9
89,Yellowknife,62.45,-114.38,1573351622,-0.13,70,90,8.05
90,San Patricio,-26.98,-56.83,1573351787,70.25,96,100,4.36
91,Tiksi,71.64,128.87,1573351787,-15.65,99,72,3.58
92,Vaini,15.34,74.49,1573351787,72.55,77,0,5.01
93,Fortuna,40.6,-124.16,1573351787,51.35,81,1,2.59
94,New Norfolk,-42.78,147.06,1573351787,62.37,29,4,18.34
95,Rocha,-34.48,-54.34,1573351787,54.88,96,0,4.52
96,Omboue,-1.57,9.26,1573351787,75.07,98,100,2.55
97,Morgantown,39.63,-79.96,1573351748,37.08,35,90,5.1
98,Batemans Bay,-35.71,150.18,1573351787,63.91,41,100,5.99
99,Kisangani,0.52,25.21,1573351788,69.67,96,92,0.81
100,Albany,42.65,-73.75,1573351781,29.98,50,1,3.36
101,Fairhope,30.52,-87.9,1573351788,50.9,93,1,8.16
102,Nemuro,43.32,145.57,1573351788,42.8,41,20,10.29
103,Cidreira,-30.17,-50.22,1573351788,70.74,88,100,21.34
104,Blairmore,49.61,-114.44,1573351788,19.81,92,90,9.17
105,Port Hardy,50.7,-127.42,1573351788,50.0,93,75,3.36
106,Pisco,-13.71,-76.2,1573351788,64.2,82,31,12.75
107,Bethel,60.79,-161.76,1573351788,26.6,85,75,11.41
108,Provideniya,64.42,-173.23,1573351788,34.23,99,100,3.33
109,Lodja,-3.52,23.6,1573351788,68.95,97,98,0.65
110,Rio Grande,-32.03,-52.1,1573351788,71.01,91,77,4.0
111,Port Alfred,-33.59,26.89,1573351788,64.99,83,100,15.95
112,Nishihara,35.74,139.53,1573351788,62.74,45,20,8.05
113,Shimoda,34.7,138.93,1573351788,62.44,55,20,12.75
114,Vanimo,-2.67,141.3,1573351788,83.21,70,100,4.85
115,Kruisfontein,-34.0,24.73,1573351789,59.74,91,96,10.74
116,Nokha,27.56,73.47,1573351756,71.94,27,29,6.06
117,Coahuayana,18.62,-100.35,1573351789,74.77,75,8,3.31
118,Den Helder,52.96,4.76,1573351789,38.39,93,0,8.05
119,Hamilton,43.26,-79.87,1573351642,37.2,69,75,12.75
120,Bredasdorp,-34.53,20.04,1573351789,60.91,82,95,16.11
121,Rincon,8.46,-82.28,1573351789,70.12,94,75,2.24
122,Saint-Philippe,45.36,-73.48,1573351789,34.72,59,90,14.99
123,Upernavik,72.79,-56.15,1573351789,15.3,74,82,5.01
124,Charters Towers,-20.07,146.27,1573351789,93.51,13,1,7.16
125,Santa Lucia,41.98,12.66,1573351789,48.2,93,59,4.7
126,Gamba,28.28,88.52,1573351789,28.27,42,1,3.76
127,Klaksvik,62.23,-6.59,1573351789,37.4,64,94,9.17
128,Puri,-7.54,112.45,1573351789,92.17,47,4,3.83
129,Meadow Lake,54.13,-108.44,1573351789,5.92,91,89,5.73
130,Nome,30.04,-94.42,1573351789,49.69,87,1,2.55
131,Vila,45.18,8.4,1573351790,41.79,93,75,4.7
132,Norman Wells,65.28,-126.83,1573351790,-4.01,91,20,4.7
133,Moussoro,13.64,16.49,1573351790,81.77,12,100,9.75
134,Clyde River,70.47,-68.59,1573351790,17.6,85,90,34.45
135,Gorontalo,0.54,123.06,1573351516,78.17,85,98,2.95
136,Mahebourg,-20.41,57.7,1573351790,68.67,93,40,4.7
137,Port Hawkesbury,45.62,-61.36,1573351790,28.08,74,1,8.05
138,Itarema,-2.92,-39.92,1573351790,77.4,82,100,8.55
139,Ponta do Sol,-20.63,-46.0,1573351790,67.89,93,100,3.69
140,North Bay,46.31,-79.46,1573351651,33.15,97,90,9.17
141,Tilichiki,60.47,166.1,1573351790,32.29,98,100,9.06
142,Shu,43.6,73.76,1573351790,34.0,52,100,8.99
143,Itoman,26.12,127.67,1573351790,75.06,44,75,2.24
144,Truro,50.26,-5.05,1573351790,45.73,81,100,31.09
145,Ugoofaaru,5.67,73.0,1573351791,81.95,71,7,4.61
146,Airai,-8.93,125.41,1573351791,84.94,34,77,8.63
147,Galle,10.08,-12.83,1573351791,70.9,96,0,1.36
148,Zhigansk,66.77,123.37,1573351791,5.04,92,100,11.92
149,Ribeira Grande,38.52,-28.7,1573351791,61.93,86,31,4.21
150,Melfi,41.0,15.66,1573351791,50.0,87,20,1.12
151,Georgetown,6.8,-58.16,1573351791,77.0,100,20,4.7
152,Aksarka,66.56,67.8,1573351791,-5.57,100,82,1.81
153,Zyryanovsk,49.74,84.27,1573351791,29.61,92,100,2.55
154,Caravelas,-17.73,-39.27,1573351791,69.35,95,0,6.08
155,Bandar-e Anzali,37.47,49.46,1573351791,46.4,100,0,3.78
156,Bandarbeyla,9.49,50.81,1573351791,79.34,72,0,15.12
157,Samarai,-10.62,150.67,1573351791,84.06,69,99,9.42
158,Talnakh,69.49,88.39,1573351791,-16.61,75,91,8.95
159,Teutonia,51.59,9.03,1573351791,32.43,86,0,4.7
160,Grindavik,63.84,-22.43,1573351791,39.2,86,75,12.75
161,Coquimbo,-29.95,-71.34,1573351791,55.4,93,0,6.93
162,Toamasina,-18.17,49.38,1573351791,73.4,100,75,11.18
163,Sao Jose da Coroa Grande,-8.9,-35.15,1573351792,79.45,75,24,14.12
164,Nabinagar,23.88,90.97,1573351792,73.4,94,90,11.41
165,Bambous Virieux,-20.34,57.76,1573351792,68.56,93,40,4.7
166,Rizhao,35.43,119.46,1573351792,60.96,24,0,26.24
167,Manggar,-2.88,108.27,1573351792,84.31,64,0,4.68
168,Vardo,39.62,-77.74,1573351792,32.38,69,40,7.07
169,Biltine,14.53,20.93,1573351792,76.89,16,98,13.49
170,Oum Hadjer,13.3,19.7,1573351792,77.5,18,100,9.08
171,Bluff,-23.58,149.07,1573351792,86.54,9,27,3.89
172,Fuzhou,26.08,119.3,1573351524,68.0,49,86,4.47
173,Chekhov,55.14,37.45,1573351792,39.9,93,90,11.18
174,Tiarei,-17.53,-149.33,1573351792,83.35,69,75,5.82
175,Manta,45.1,24.1,1573351792,51.93,77,0,8.28
176,Victoria,5.28,115.24,1573351792,82.18,78,75,3.36
177,Inderka,53.25,46.26,1573351793,29.64,81,0,7.56
178,Aswan,24.09,32.9,1573351793,69.58,31,0,9.62
179,Faanui,-16.48,-151.75,1573351793,79.36,80,100,16.82
180,Dzhebariki-Khaya,62.22,135.8,1573351793,-14.1,89,20,0.85
181,Nanortalik,60.14,-45.24,1573351793,36.9,78,100,30.76
182,Turukhansk,65.8,87.96,1573351793,-22.74,99,100,3.36
183,Burgkirchen,48.2,13.1,1573351793,31.69,93,0,2.24
184,Okakarara,-20.59,17.46,1573351793,71.13,30,100,4.74
185,Suntar,62.16,117.65,1573351793,15.13,90,99,11.18
186,Lasa,34.92,32.53,1573351793,69.19,45,0,9.17
187,Atikokan,48.76,-91.62,1573351793,21.22,90,100,7.29
188,Talavera de la Reina,39.96,-4.83,1573351793,48.0,85,100,1.99
189,Praya,-8.71,116.27,1573351793,87.8,55,20,5.82
190,Longyearbyen,78.22,15.63,1573351793,24.8,79,75,13.87
191,Kahului,20.89,-156.47,1573351628,82.71,45,1,9.17
192,Ahipara,-35.17,173.16,1573351794,70.0,100,100,24.23
193,Floro,61.6,5.03,1573351794,25.77,63,0,6.93
194,Yerbogachen,61.28,108.01,1573351794,-4.65,91,100,12.1
195,Luderitz,-26.65,15.16,1573351794,60.8,87,20,5.82
196,Shubarkuduk,49.15,56.49,1573351794,28.63,74,100,11.36
197,Doha,25.29,51.53,1573351777,78.15,83,46,4.7
198,Butaritari,3.07,172.79,1573351794,84.78,62,73,0.31
199,Jiangyou,31.78,104.73,1573351794,57.69,64,42,3.74
200,Batsfjord,70.63,29.72,1573351794,17.6,85,1,4.7
201,Mumbwa,-14.99,27.06,1573351794,73.31,49,62,9.86
202,Lompoc,34.64,-120.46,1573351794,59.92,72,1,5.82
203,Ottawa,45.42,-75.69,1573351610,33.75,69,90,10.29
204,Daru,-9.07,143.21,1573351794,85.91,64,41,7.25
205,Sitka,37.17,-99.65,1573351795,53.01,33,0,4.0
206,Le Port,42.87,1.37,1573351795,41.05,77,100,10.0
207,Port Hedland,-20.31,118.58,1573351795,104.0,7,40,11.41
208,Sarkand,45.41,79.91,1573351795,43.95,44,100,2.64
209,Mityana,0.4,32.05,1573351795,69.8,83,20,5.82
210,Rayong,12.68,101.28,1573351795,83.71,57,20,6.93
211,Lavrentiya,65.58,-170.99,1573351795,34.54,96,100,5.93
212,Boueni,-12.9,45.08,1573351795,78.8,83,92,1.12
213,Capitan Bado,-23.27,-55.53,1573351795,70.93,86,100,2.77
214,Roswell,33.39,-104.52,1573351674,49.89,100,1,8.05
215,The Valley,18.22,-63.06,1573351795,80.8,83,20,9.17
216,Plettenberg Bay,-34.05,23.37,1573351795,62.15,83,93,8.66
217,Cabo San Lucas,22.89,-109.91,1573351795,79.47,42,75,6.93
218,Pierre,44.37,-100.35,1573351586,48.06,61,1,12.75
219,Abha,18.22,42.5,1573351795,53.6,81,0,0.98
220,Barth,54.37,12.73,1573351795,39.96,93,75,4.7
221,Paamiut,61.99,-49.67,1573351795,39.58,62,100,18.21
222,Cockburn Town,21.46,-71.14,1573351795,82.33,77,2,10.16
223,Port Blair,11.67,92.75,1573351795,81.88,72,19,3.49
224,Roald,62.58,6.12,1573351796,19.56,74,0,11.41
225,Vila Franca do Campo,37.72,-25.43,1573351796,59.0,87,20,5.82
226,Mounana,-1.38,13.16,1573351796,69.37,98,100,1.45
227,Lorengau,-2.02,147.27,1573351796,80.67,84,100,19.24
228,Luanda,-8.83,13.24,1573351796,80.6,83,75,5.82
229,Saint George,39.45,22.34,1573351796,55.4,100,40,5.82
230,Tautira,-17.73,-149.15,1573351796,83.37,69,75,5.82
231,Fallon,46.84,-105.12,1573351796,32.0,91,90,17.22
232,Mahanoro,-19.9,48.8,1573351796,78.06,83,35,15.37
233,Gao,16.28,-0.04,1573351796,81.09,13,1,13.18
234,Limon,39.26,-103.69,1573351796,48.72,31,1,7.05
235,Varzea Grande,-29.42,-50.86,1573351796,68.02,94,94,8.05
236,Grand-Lahou,5.24,-5.0,1573351797,81.64,77,0,8.23
237,Nang Rong,14.64,102.79,1573351797,74.28,88,92,9.17
238,Bogo,10.74,14.61,1573351797,77.29,33,77,3.31
239,Fairbanks,64.84,-147.72,1573351607,4.06,91,1,4.7
240,Petukhovo,55.06,67.89,1573351797,17.26,61,0,2.37
241,Puerto del Rosario,28.5,-13.86,1573351797,66.99,68,75,26.4
242,Gombong,-7.19,109.31,1573351797,92.64,42,0,2.13
243,Schruns,47.08,9.92,1573351797,29.37,100,0,2.24
244,Dustlik,40.53,68.03,1573351797,47.12,43,0,3.04
245,Alta Gracia,-31.66,-64.43,1573351797,73.83,83,75,2.24
246,Kaeo,-35.1,173.78,1573351797,68.99,100,100,24.11
247,Juneau,58.3,-134.42,1573351504,32.0,60,75,18.34
248,Kirakira,-10.46,161.92,1573351797,83.41,64,91,2.17
249,Hami,42.84,93.51,1573351797,42.75,22,0,1.48
250,Santa Pola,38.19,-0.56,1573351797,57.02,62,40,5.82
251,Aykhal,65.95,111.51,1573351797,-13.01,83,90,6.71
252,Muros,42.77,-9.06,1573351798,47.73,93,40,1.12
253,San Policarpo,12.18,125.51,1573351798,88.63,58,31,3.85
254,Alekseyevsk,57.84,108.35,1573351798,8.15,81,100,10.67
255,Dingle,11.0,122.67,1573351798,84.31,75,33,2.55
256,Kununurra,-15.77,128.74,1573351798,95.0,39,65,5.82
257,Marabba,12.35,32.18,1573351798,78.03,15,100,7.2
258,Marawi,8.0,124.29,1573351798,84.0,76,55,5.01
259,Kodinsk,58.6,99.18,1573351798,1.4,86,100,10.8
260,Garissa,-0.46,39.64,1573351798,78.03,75,0,11.41
261,Inhambane,-23.87,35.38,1573351798,73.69,74,72,9.78
262,Mashhad,36.3,59.61,1573351575,35.6,69,0,4.7
263,Mount Pleasant,33.16,-94.97,1573351798,48.69,93,1,5.79
264,Lisakovsk,52.55,62.49,1573351798,14.2,83,0,4.36
265,Rome,41.89,12.48,1573351798,48.9,93,59,4.7
266,Yangambi,0.77,24.47,1573351798,69.33,98,100,0.96
267,Mandawar,29.49,78.13,1573351798,68.22,49,0,6.73
268,Tura,64.27,100.22,1573351687,-12.21,94,100,4.52
269,Numan,9.46,12.04,1573351799,79.21,49,100,1.9
270,Labuhan,-2.54,115.51,1573351799,93.34,46,98,2.1
271,Hearst,49.69,-83.67,1573351799,15.12,96,100,3.98
272,Sampit,-2.54,112.95,1573351799,94.46,42,80,4.23
273,Nagato,34.35,131.14,1573351799,63.37,59,75,11.41
274,Los Llanos de Aridane,28.66,-17.92,1573351799,64.92,77,75,23.04
275,Padang,-0.92,100.36,1573351799,78.13,73,58,4.16
276,Acapulco,16.86,-99.88,1573351751,84.2,83,20,6.93
277,East London,-33.02,27.91,1573351799,65.77,84,100,15.7
278,Berberati,4.26,15.79,1573351799,69.42,89,98,1.68
279,Namatanai,-3.66,152.44,1573351799,77.72,89,100,21.88
280,Harper,30.3,-99.24,1573351799,56.59,76,1,10.87
281,Conceicao do Castelo,-20.37,-41.24,1573351799,64.18,97,100,1.32
282,Camacha,33.08,-16.33,1573351799,66.2,82,40,12.75
283,Skibbereen,51.55,-9.27,1573351799,41.0,86,20,9.17
284,Rio Gallegos,-51.62,-69.22,1573351732,42.8,60,0,23.04
285,Touros,-5.2,-35.46,1573351800,77.0,78,40,4.7
286,Sao Joao da Barra,-21.64,-41.05,1573351800,75.33,89,100,11.56
287,Teguldet,57.31,88.17,1573351800,2.97,84,80,5.82
288,Belmonte,40.36,-7.35,1573351800,48.99,83,100,1.01
289,Vostok,46.45,135.83,1573351800,30.11,52,0,6.44
290,Teya,21.05,-89.07,1573351800,79.61,78,40,6.93
291,Viedma,-40.81,-62.99,1573351800,50.36,71,0,4.05
292,Barda,56.93,55.59,1573351800,23.52,61,100,3.02
293,Solano,0.7,-75.25,1573351800,73.15,96,96,1.1
294,Spearfish,44.49,-103.86,1573351800,46.83,49,75,4.7
295,Leningradskiy,69.38,178.42,1573351800,18.52,59,0,5.19
296,Mayumba,-3.44,10.65,1573351800,80.82,85,81,9.13
297,Bystryy Istok,52.37,84.39,1573351801,24.21,69,100,8.03
298,Jishou,28.26,109.7,1573351801,65.01,59,99,2.93
299,Chibombo,-14.68,28.09,1573351801,71.62,53,66,7.99
300,Ponta Delgada,37.73,-25.67,1573351801,59.0,87,20,5.82
301,Alofi,-19.06,-169.92,1573351801,80.6,69,0,16.11
302,Atambua,-9.11,124.89,1573351801,86.4,56,12,6.69
303,Pangai,-19.8,-174.35,1573351801,77.88,81,0,17.09
304,Arlit,18.74,7.39,1573351801,79.93,13,0,6.33
305,Bedele,8.46,36.35,1573351801,58.86,95,100,1.25
306,Alyangula,-13.85,136.42,1573351801,93.2,30,30,8.05
307,Ihosy,-22.4,46.13,1573351801,64.29,84,2,7.67
308,Port Macquarie,-31.43,152.91,1573351801,78.12,23,0,12.75
309,Hasaki,35.73,140.83,1573351802,61.7,59,20,3.36
310,Ljungby,56.83,13.94,1573351802,36.21,100,100,10.29
311,Junagadh,21.52,70.46,1573351802,77.76,54,0,5.3
312,Tuatapere,-46.13,167.69,1573351802,53.01,82,100,5.99
313,Usogorsk,63.43,48.71,1573351802,16.84,94,100,7.27
314,Tazovskiy,67.47,78.7,1573351802,-8.38,97,87,8.5
315,Carnarvon,-30.97,22.13,1573351802,59.68,48,98,5.5
316,Ucluelet,48.94,-125.55,1573351721,51.17,93,90,4.7
317,Langsa,4.47,97.97,1573351802,83.16,78,100,3.42
318,Sobolevo,54.43,31.9,1573351802,49.21,97,100,9.91
319,Chingirlau,51.09,54.08,1573351802,28.94,75,100,6.76
320,Xuddur,4.12,43.89,1573351802,72.39,91,100,8.1
321,Goianesia,-15.32,-49.12,1573351802,72.72,73,11,2.08
322,Pervomaysk,54.87,43.81,1573351802,30.18,86,0,8.5
323,Miles City,46.41,-105.84,1573351802,39.2,86,90,14.99
324,Castro,-42.48,-73.76,1573351803,51.8,100,100,4.7
325,Lake Havasu City,34.47,-114.34,1573351803,74.3,9,1,9.17
326,Anadyr,64.73,177.51,1573351803,24.44,85,75,8.95
327,Broken Hill,-31.97,141.45,1573351803,64.4,39,0,6.93
328,Cabedelo,-6.97,-34.84,1573351803,77.0,83,20,9.17
329,Makakilo City,21.35,-158.09,1573351803,80.62,69,40,5.82
330,Tiznit,29.7,-9.73,1573351803,55.65,32,0,2.35
331,Sovetskiy,56.76,48.47,1573351803,26.49,75,95,10.04
332,Duyun,26.27,107.52,1573351803,55.49,76,100,4.03
333,Katherine,-14.47,132.26,1573351803,96.8,25,0,5.82
334,Coihaique,-45.58,-72.07,1573351803,55.4,76,100,3.36
335,Cotonou,6.37,2.43,1573351803,79.84,82,100,2.75
336,Nakusp,50.24,-117.8,1573351803,37.99,98,100,1.01
337,Qingdao,36.09,120.35,1573351803,57.2,71,75,11.18
338,Juegang,32.31,121.18,1573351803,63.64,58,62,1.01
339,Jalingo,10.3,10.93,1573351803,76.91,36,100,4.99
340,Ostrovnoy,68.05,39.51,1573351804,18.99,96,100,2.44
341,Monroe,41.91,-83.4,1573351804,36.97,52,1,8.05
342,Laguna,16.17,-88.94,1573351804,78.8,83,20,0.85
343,Tawang,27.59,91.87,1573351804,46.06,65,100,1.86
344,Abadan,30.36,48.26,1573351804,60.8,82,0,4.7
345,Temiscaming,46.72,-79.1,1573351804,33.21,97,90,9.17
346,Maniitsoq,65.42,-52.9,1573351804,37.56,49,100,22.84
347,Arraial do Cabo,-22.97,-42.02,1573351804,73.45,94,100,14.83
348,Mitsamiouli,-11.38,43.28,1573351804,79.72,80,100,9.91
349,Hambantota,6.12,81.12,1573351804,75.2,100,75,6.11
350,Show Low,34.25,-110.03,1573351805,46.45,37,1,2.95
351,La Asuncion,-26.05,-65.39,1573351805,59.67,93,93,2.48
352,Beringovskiy,63.05,179.32,1573351805,31.96,99,100,5.5
353,Ancud,-41.87,-73.83,1573351576,51.8,100,100,4.7
354,San Jose,14.25,-87.96,1573351805,63.72,85,89,9.19
355,Aklavik,68.22,-135.01,1573351805,6.8,55,20,14.99
356,Constitucion,23.99,-104.67,1573351805,69.8,46,40,6.93
357,Hailar,49.2,119.7,1573351805,35.78,61,96,15.68
358,Balanacan,13.53,121.87,1573351805,87.01,73,60,3.0
359,Priargunsk,50.37,119.09,1573351805,32.31,73,100,5.19
360,Egvekinot,66.32,-179.17,1573351805,14.56,82,6,4.43
361,Yenagoa,4.92,6.26,1573351805,76.89,91,100,1.59
362,Jamame,0.07,42.75,1573351805,81.75,78,0,11.01
363,Palmer,-34.85,139.16,1573351805,66.07,55,20,9.17
364,Flin Flon,54.77,-101.88,1573351805,6.64,78,10,9.84
365,Mahajanga,-15.72,46.32,1573351805,82.4,83,40,8.05
366,Udachnyy,66.42,112.4,1573351806,-13.01,83,90,6.71
367,Zhanaozen,43.35,52.85,1573351806,47.57,38,0,10.27
368,Calvinia,-31.47,19.78,1573351806,54.5,50,100,5.17
369,Svetlaya,46.54,138.33,1573351806,35.19,44,0,10.65
370,Saldanha,41.42,-6.55,1573351806,40.08,89,100,6.2
371,Norwich,52.63,1.29,1573351806,40.75,86,44,2.24
372,Novouzensk,50.46,48.14,1573351806,32.83,84,0,7.92
373,Okhotsk,59.36,143.24,1573351806,12.29,71,34,19.17
374,Oni,42.59,43.44,1573351806,42.49,32,0,6.6
375,Tonekabon,36.82,50.88,1573351806,52.63,87,0,2.24
376,Champerico,16.38,-93.6,1573351806,75.2,73,40,11.41
377,Ghanzi,-21.7,21.65,1573351806,74.95,45,84,10.27
378,Calama,-22.46,-68.93,1573351806,62.6,10,0,9.17
379,Lahij,13.06,44.88,1573351806,76.89,68,0,9.86
380,Sao Felix do Xingu,-6.64,-51.99,1573351806,72.46,98,100,1.88
381,Lepe,37.26,-7.2,1573351806,55.99,63,100,8.99
382,Ayagoz,47.96,80.43,1573351806,33.57,70,100,6.4
383,Cairns,-16.92,145.77,1573351623,92.07,26,0,6.93
384,Smithers,54.78,-127.17,1573351807,35.6,74,75,9.17
385,Acajutla,13.59,-89.83,1573351535,84.25,73,100,10.89
386,Cam Ranh,11.92,109.15,1573351807,73.4,100,90,10.29
387,Nioro,13.79,-15.05,1573351807,77.72,23,48,1.9
388,Mehamn,71.03,27.85,1573351807,17.37,90,33,8.37
389,Millau,44.1,3.08,1573351807,41.0,86,75,13.87
390,Pokaran,26.93,71.92,1573351807,71.82,24,18,8.32
391,Miandrivazo,-19.53,45.46,1573351807,79.16,58,4,3.91
392,Sangar,63.92,127.47,1573351807,-3.66,81,100,8.72
393,Haines Junction,60.75,-137.51,1573351807,-2.48,96,0,6.08
394,Milkovo,41.53,24.68,1573351807,54.41,93,12,3.36
395,Haileybury,47.44,-79.64,1573351807,30.2,86,90,6.93
396,Malm,64.07,11.22,1573351807,21.92,85,100,5.82
397,Lakeway,30.36,-97.99,1573351808,56.08,78,1,6.42
398,Souris,46.36,-62.25,1573351808,30.83,63,75,3.36
399,Mersing,2.43,103.84,1573351808,82.22,72,67,2.1
400,Falun,60.61,15.63,1573351808,25.47,85,100,6.93
401,Muli,28.08,109.56,1573351808,67.41,49,61,3.36
402,Kanniyakumari,8.08,77.57,1573351808,81.25,78,92,7.02
403,Palauig,15.44,119.9,1573351808,79.88,71,100,3.6
404,Nuuk,64.17,-51.74,1573351808,39.2,38,100,17.22
405,Russell,38.9,-98.86,1573351535,56.26,35,1,9.17
406,Lata,30.78,78.62,1573351808,33.03,12,0,2.39
407,Yumen,40.29,97.04,1573351808,42.76,23,0,12.19
408,Riberalta,-11.0,-66.08,1573351808,74.32,95,64,2.39
409,Komsomolskiy,67.55,63.78,1573351808,-6.29,100,35,3.8
410,Wilmington,39.75,-75.55,1573351514,29.26,63,67,5.14
411,Bud,62.91,6.91,1573351808,20.55,79,62,8.05
412,Koosa,58.53,27.08,1573351808,47.37,100,100,5.82
413,Bingol,38.88,40.49,1573351809,40.95,27,58,4.32
414,Tabory,53.89,19.53,1573351809,45.27,88,80,5.99
415,Hirara,24.8,125.28,1573351809,76.08,47,40,9.17
416,Kota Belud,6.35,116.43,1573351809,84.07,74,75,9.17
417,Bambanglipuro,-7.95,110.28,1573351809,87.01,54,46,10.98
418,Road Town,18.42,-64.62,1573351809,81.64,74,20,10.29
419,Torbay,47.66,-52.73,1573351809,32.2,57,40,26.4
420,Esil,51.96,66.41,1573351809,8.8,86,0,7.65
421,Lagoa,37.14,-8.45,1573351809,57.07,76,100,6.93
422,Vila Velha,-3.71,-38.6,1573351809,82.31,74,20,13.87
423,Emporia,38.4,-96.18,1573351809,54.88,54,1,13.87
424,Port-Gentil,-0.72,8.78,1573351809,81.05,80,100,6.55
425,Dryden,49.79,-92.84,1573351601,21.2,85,90,6.93
426,Seoul,37.57,126.98,1573351797,48.56,54,100,5.82
427,Porgera,-5.46,143.15,1573351809,58.6,94,96,2.82
428,Yakeshi,49.28,120.73,1573351809,34.25,67,50,12.37
429,Namibe,-15.19,12.15,1573351810,76.3,76,8,9.44
430,Luzhou,28.89,105.45,1573351810,64.69,66,100,4.36
431,Rawson,-43.3,-65.11,1573351810,50.32,75,10,18.21
432,Bandipur,11.67,76.63,1573351810,68.79,85,99,2.19
433,Kerrobert,51.92,-109.14,1573351810,13.05,72,75,8.05
434,Bastia,44.6,8.98,1573351810,46.0,76,40,4.7
435,Tricase,39.93,18.36,1573351810,57.27,93,40,1.12
436,Sola,-3.17,33.8,1573351810,67.69,73,15,5.01
437,Narsaq,60.91,-46.05,1573351810,41.0,48,67,42.5
438,Dong Hoi,17.48,106.6,1573351810,70.75,80,89,10.2
439,Pangoa,-12.12,-73.0,1573351810,69.03,98,100,1.43
440,Livingstone,-17.85,25.86,1573351810,72.46,67,42,5.84
441,Moba,-7.04,29.77,1573351810,77.9,68,98,6.82
442,Naze,5.43,7.07,1573351810,74.95,95,100,4.74
443,Leshukonskoye,64.9,45.76,1573351811,17.73,93,100,7.25
444,Isangel,-19.55,169.27,1573351811,84.2,58,75,9.17
445,Curillo,1.03,-75.92,1573351811,71.6,90,98,1.19
446,Sechura,-5.56,-80.82,1573351811,64.2,88,0,6.8
447,Port Keats,-14.25,129.55,1573351811,94.35,47,9,11.63
448,Santiago,16.69,121.54,1573351811,71.06,98,100,0.74
449,Iqaluit,63.75,-68.52,1573351678,5.0,77,40,16.11
450,La Paz,24.15,-110.32,1573351648,78.91,50,75,5.53
451,Canberra,-35.3,149.1,1573351567,61.95,45,90,21.92
452,Romitan,39.93,64.38,1573351811,35.6,80,0,4.7
453,Bilma,18.69,12.92,1573351811,71.71,17,0,5.77
454,Cacule,-14.5,-42.22,1573351811,70.12,70,0,6.55
455,Loandjili,-4.77,11.87,1573351812,77.0,94,75,4.7
456,Verkhnevilyuysk,63.45,120.31,1573351812,18.25,93,100,3.96
457,Codrington,-28.95,153.24,1573351812,76.96,16,90,3.36
458,Novoasbest,57.74,60.29,1573351812,16.93,83,80,2.68
459,Vryburg,-26.96,24.73,1573351812,68.83,62,39,29.71
460,Port Moresby,-9.47,147.16,1573351812,84.2,79,40,11.41
461,Salalah,17.01,54.1,1573351812,77.0,78,40,3.36
462,Puerto Madryn,-42.77,-65.04,1573351812,49.96,73,32,16.24
463,Berdigestyakh,62.1,126.7,1573351812,5.79,91,95,4.85
464,Moron,18.56,-74.26,1573351812,79.32,82,0,4.32
465,Diamantino,-14.4,-56.44,1573351812,74.8,84,100,2.82
466,Kieta,-6.22,155.63,1573351812,82.44,68,87,2.1
467,Avera,33.19,-82.53,1573351812,38.5,93,1,2.91
468,Mahenge,-8.68,36.72,1573351812,71.85,91,96,4.05
469,Boa Vista,2.82,-60.67,1573351812,86.0,62,75,10.29
470,Necochea,-38.55,-58.74,1573351812,44.01,83,0,3.0
471,Ginda,30.69,78.49,1573351812,58.62,38,0,2.91
472,Bam,29.11,58.36,1573351812,57.13,32,94,5.41
473,Mildura,-34.18,142.16,1573351813,66.15,42,0,8.05
474,Sinnamary,5.38,-52.96,1573351813,81.63,84,38,11.79
475,Inuvik,68.36,-133.71,1573351813,6.8,55,20,14.99
476,Olinda,-37.84,145.39,1573351813,59.9,55,75,12.75
477,Lucapa,-8.42,20.74,1573351813,66.65,96,100,2.64
478,Lieksa,63.32,30.02,1573351813,34.21,99,100,4.18
479,Port Elizabeth,39.31,-74.98,1573351813,30.63,73,1,3.33
480,Monrovia,6.33,-10.8,1573351813,77.0,100,75,3.24
481,Husavik,50.56,-96.99,1573351813,18.0,78,94,11.99
482,Kawalu,-7.38,108.21,1573351813,83.46,54,11,5.48
483,Sao Filipe,14.9,-24.5,1573351813,74.08,83,100,12.08
484,Merauke,-8.49,140.4,1573351813,87.15,51,49,10.16
485,Antofagasta,-23.65,-70.4,1573351813,60.8,77,90,6.93
486,Humaita,-24.93,-65.37,1573351813,62.6,93,90,6.93
487,Mapiri,-15.31,-68.22,1573351813,67.14,97,100,1.36
488,Maragogi,-9.01,-35.22,1573351813,79.45,75,24,14.12
489,Maldonado,-34.91,-54.96,1573351813,62.6,88,20,3.36
490,Houston,29.76,-95.37,1573351530,51.49,81,1,3.36
491,Moerai,-22.43,-151.33,1573351813,73.92,82,100,15.43
492,Alta Floresta,-9.87,-56.08,1573351814,70.83,98,100,4.09
493,Souillac,45.6,-0.6,1573351814,40.95,87,0,6.93
494,Petropavlovka,50.61,105.32,1573351814,27.18,39,100,9.78
495,Mallaig,54.21,-111.37,1573351814,9.75,88,98,7.49
496,Sabha,27.03,14.43,1573351814,71.1,40,100,5.39
497,Mattru,7.62,-11.83,1573351814,74.52,93,63,1.95
498,Korem,12.51,39.52,1573351814,51.82,72,42,1.28
499,Coruripe,-10.12,-36.18,1573351814,77.47,81,1,13.13
500,Prince Rupert,54.32,-130.32,1573351814,51.8,81,90,11.41
501,Khovu-Aksy,51.13,93.72,1573351814,21.36,80,100,3.78
502,Vikulovo,55.07,40.96,1573351814,33.51,88,68,7.49
503,Nisia Floresta,-6.09,-35.21,1573351814,77.85,78,40,8.05
504,Tapes,-30.67,-51.4,1573351814,68.72,89,97,6.51
505,Taoudenni,22.68,-3.98,1573351814,68.23,23,99,12.3
506,San Cristobal,14.68,-86.92,1573351814,64.36,98,81,3.02
507,Beitbridge,-22.21,29.99,1573351815,68.38,81,100,16.89
508,Mgandu,-5.96,34.11,1573351815,59.86,97,50,6.96
509,Inirida,3.87,-67.92,1573351815,74.39,91,48,2.19
510,Severo-Kurilsk,50.68,156.12,1573351815,31.19,88,88,24.63
511,Santa Fe,-31.62,-60.7,1573351666,73.65,60,0,1.99
512,Zeya,53.74,127.27,1573351815,9.73,84,100,8.32
513,Tondano,1.3,124.91,1573351815,86.0,66,20,8.05
514,Montepuez,-13.13,39.0,1573351815,71.04,92,93,1.88
515,Maua,0.23,37.94,1573351815,69.49,85,21,1.57
516,New Port Richey,28.24,-82.72,1573351815,64.87,72,1,5.82
517,Belyy Yar,53.6,91.39,1573351815,17.6,72,75,5.7
518,Purranque,-40.91,-73.16,1573351751,55.4,87,100,8.05
519,Helena,46.59,-112.04,1573351816,44.01,46,90,6.93
520,Lazaro Cardenas,28.39,-105.62,1573351816,60.8,77,20,1.97
521,Morondava,-20.3,44.28,1573351816,75.27,62,3,2.86
522,Los Banos,37.06,-120.85,1573351589,63.14,59,1,4.7
523,Fayaoue,-20.65,166.53,1573351816,75.65,70,10,5.57
524,Riyadh,24.63,46.72,1573351786,64.4,59,12,4.72
525,Thunder Bay,48.41,-89.26,1573351613,28.49,92,90,5.82
526,Manono,-7.3,27.4,1573351816,68.47,94,100,2.26
527,Bilibino,68.06,166.44,1573351816,2.75,58,0,3.56
528,Sao Gabriel da Cachoeira,-0.13,-67.09,1573351816,74.46,95,54,2.24
529,Dibulla,11.27,-73.31,1573351816,83.03,83,98,5.61
530,Filiatra,37.16,21.59,1573351816,63.86,77,80,1.12
531,Shache,38.42,77.24,1573351816,47.89,30,0,4.92
532,Uvinza,-5.1,30.39,1573351816,65.08,91,93,3.49
533,Atasu,48.68,71.64,1573351816,35.91,97,100,8.81
534,Kasempa,-13.46,25.83,1573351816,72.88,42,35,11.16
535,Portales,34.19,-103.33,1573351817,49.68,61,1,9.17
536,Petropavlovsk-Kamchatskiy,53.05,158.65,1573351817,39.2,69,40,8.95
537,Conceicao do Mato Dentro,-19.04,-43.42,1573351817,65.89,75,0,1.59
538,Ambon,47.55,-2.56,1573351817,44.02,87,28,9.17
539,Kjollefjord,70.95,27.35,1573351817,21.9,83,0,7.92
540,Lakhdenpokhya,61.52,30.2,1573351817,36.0,98,100,5.68
541,Emmen,47.08,8.28,1573351817,32.2,76,75,5.64
542,Trelew,-43.25,-65.31,1573351817,45.61,77,35,16.62
543,Trinidad,-14.83,-64.9,1573351817,78.08,75,92,2.86
544,Gravdal,59.79,5.78,1573351817,28.78,85,0,4.7
545,Tyrma,50.04,132.17,1573351817,23.02,60,51,1.39
546,Havelock,34.88,-76.9,1573351817,42.03,81,1,3.67
